<?xml version="1.0" encoding="UTF-8"?>
<addon id="skin.estuary.MaxEdv4" version="5.0.9" name="Estuary MaxEDITion v4" provider-name="phil65, Ichabod Fletchman, pepemebe">
	<requires>
		<import addon="xbmc.gui" version="5.17.0"/>
                <import addon="resource.images.skinbackgrounds.clearMod" version="1.1.9"/>
                <import addon="resource.images.weatherfanart.faded" optional="true"/>
                <import addon="resource.images.moviegenrefanart.wall-grey" optional="true"/>
                <import addon="script.extendedinfo" optional="true"/>
                <import addon="script.module.horus" version="1.1.9"/>
                <!-- import addon="repository.magellan" version="1.0.0"/ -->
                <!-- import addon="plugin.video.Magellan_Matrix" version="3.0.0"/ -->
                <import addon="plugin.video.moestv" optional="true"/>
                <import addon="plugin.video.balandro" version="4.0.26"/>
                <import addon="plugin.video.blackcat2" version="2.5.0"/>
                <import addon="script.module.ModMax" version="2.3.1"/>
	</requires>
	<extension point="xbmc.gui.skin" debugging="false">
		<res width="1920" height="1440" aspect="4:3" default="false" folder="xml" />
		<res width="1920" height="1280" aspect="3:2" default="false" folder="xml" />
		<res width="1920" height="1200" aspect="16:10" default="false" folder="xml" />
		<res width="2040" height="1080" aspect="17:9" default="false" folder="xml" />
		<res width="1920" height="1080" aspect="16:9" default="true" folder="xml" />
		<res width="2560" height="1080" aspect="21:9" default="false" folder="xml" />
		<res width="2338" height="1080" aspect="19.5:9" default="false" folder="xml" />
		<res width="2160" height="1080" aspect="18:9" default="false" folder="xml" />
	</extension>
	<extension point="xbmc.addon.metadata">
		<platform>android</platform>
		<license>CC BY-SA 4.0, GNU GENERAL PUBLIC LICENSE Version 2.0</license>
		<forum>https://github.com/pepemebe</forum>
		<source>https://github.com/pepemebe</source>
		<assets>
			<icon>resources/icon.png</icon>
			<fanart>resources/fanart.jpg</fanart>
			<screenshot>resources/screenshot-01.jpg</screenshot>
			<screenshot>resources/screenshot-02.jpg</screenshot>
			<screenshot>resources/screenshot-03.jpg</screenshot>
			<screenshot>resources/screenshot-04.jpg</screenshot>
			<screenshot>resources/screenshot-05.jpg</screenshot>
			<screenshot>resources/screenshot-06.jpg</screenshot>
			<screenshot>resources/screenshot-07.jpg</screenshot>
			<screenshot>resources/screenshot-08.jpg</screenshot>
			<screenshot>resources/screenshot-09.jpg</screenshot>
		</assets>
		<summary lang="ca_ES">Aparença Estuary MaxEd v4 (només per Android) per phil65, Ichabod Fletchman, pepemebe.</summary>
		<summary lang="en_GB">Estuary MaxEd v4 skin (only for Android) by phil65, Ichabod Fletchman, pepemebe.</summary>
		<summary lang="es_ES">Skin Estuary MaxEd v4 (solo para Android), creado por phil65, Ichabod Fletchman, pepemebe.</summary>
		<description lang="ca_ES">Estuary MaxEd v4 és una modificació de l'aparença predeterminada de Kodi 21 (només per Android).</description>
		<description lang="en_GB">Estuary MaxEd v4 is a mod of the default skin for Kodi 21 (only for Android).</description>
		<description lang="es_ES">Estuary MaxEd v4 es un mod del skin por defecto para Kodi 21 (solo para Android).</description>
		<disclaimer lang="ca_ES">[COLOR red]Estuary MaxEd v4 és una aparença modificada per a Kodi.[/COLOR]</disclaimer>
		<disclaimer lang="en_GB">[COLOR red]Estuary MaxEd v4 is a mod skin for Kodi.[/COLOR]</disclaimer>
		<disclaimer lang="es_ES">[COLOR red]Estuary MaxEd v4 es una modificación del skin para Kodi.[/COLOR]</disclaimer>
		<news>[COLOR blue][B]Skin Estuary MaxEd v4[/B][/COLOR]
[COLOR green][B]•5.0.9[/B] Germ test.[/COLOR]
[COLOR yellow][B]•5.0.8[/B] Lang bug fix.[/COLOR]
[COLOR yellow][B]•5.0.5[/B] Fav bug fix.[/COLOR]
[COLOR yellow][B]•5.0.4[/B] K21 comp.[/COLOR]
[COLOR yellow][B]•4.2.2[/B] Update menu and more.[/COLOR]
[COLOR yellow][B]•4.2.1[/B] Update menu BC2.[/COLOR]
[COLOR yellow][B]•4.1.9[/B] Update menu.[/COLOR]
[COLOR yellow][B]•4.1.4[/B] Repair menu.[/COLOR]
[COLOR yellow][B]•4.1.2[/B] Menu fix.[/COLOR]
[COLOR yellow][B]•4.1.1[/B] Minor bug fix.[/COLOR]
[COLOR yellow][B]•4.1.0[/B] Bug fix.[/COLOR]
[COLOR yellow][B]•4.0.8[/B] Rebuild.[/COLOR]
[COLOR yellow][B]•4.0.2[/B] Minor bug fix.[/COLOR]
[COLOR yellow][B]•4.0.0[/B] K20 comp.[/COLOR]
[COLOR yellow][B]•3.2.9[/B] Update item Menu.[/COLOR]
[COLOR yellow][B]•3.2.5[/B] Update item Menu.[/COLOR]
[COLOR yellow][B]•3.2.3[/B] Update item Menu.[/COLOR]
[COLOR yellow][B]•3.2.2[/B] Update item Menu.[/COLOR]
[COLOR yellow][B]•3.2.1[/B] Update item Menu.[/COLOR]
[COLOR yellow][B]•3.2.0[/B] Update item Menu.[/COLOR]
[COLOR yellow][B]•3.1.8[/B] Update Menu.[/COLOR]
[COLOR yellow][B]•3.1.5[/B] New Menu.[/COLOR]
[COLOR yellow][B]•3.1.4[/B] Add item Menu.[/COLOR]
[COLOR yellow][B]•3.0.5[/B] MaxEDITion beta.[/COLOR]
[COLOR yellow][B]•2.2.8[/B] Initial beta test.[/COLOR]
[COLOR yellow][B]•2.2.5[/B] Initial beta.[/COLOR]
[COLOR yellow][B]•2.0.2[/B] Home modded.[/COLOR]
[COLOR yellow][B]•0.2.1[/B] Initial alpha.[/COLOR]
[COLOR yellow][B]•0.0.1[/B] Mod Estuary (0.8.5) for Android.[/COLOR]</news>
	</extension>
</addon>
